First Name,Last Name,Full Name,Gender,Region,Generation
--- EXPORT METADATA ---,,,,,
Generated At,2025-06-30T21:20:17.620Z,,,,
Total Names,1000,,,,
Male Names,511,51.1%,,,
Female Names,489,48.9%,,,
Unique First Names,314,,,,
Unique Last Names,275,,,,
Avg First Name Length,4.7,,,,
Avg Last Name Length,7.8,,,,
--- DATA ---,,,,,
Marie,Visser,Marie Visser,female,general,modern
Evi,op de Broek,Evi op de Broek,female,general,modern
Rona,Slager,Rona Slager,female,general,modern
Isa,De vries,Isa De vries,female,general,modern
Jacobus,Bakker,Jacobus Bakker,male,general,modern
Tom,van der Gaard,Tom van der Gaard,male,general,modern
Geertruida,Prins,Geertruida Prins,female,general,modern
Joep,Bakker,Joep Bakker,male,general,modern
Anna,Bakker,Anna Bakker,female,general,modern
Lies,van den Dal,Lies van den Dal,female,general,modern
Gourke,Schipman,Gourke Schipman,female,general,modern
Finn,Slager,Finn Slager,male,general,modern
Lucas,De vries,Lucas De vries,male,general,modern
Lies,De vries,Lies De vries,female,general,modern
Finn,van Hof,Finn van Hof,male,general,modern
Evi,Dekker,Evi Dekker,female,general,modern
Hendrik,de Steen,Hendrik de Steen,male,general,modern
Emi,de Weg,Emi de Weg,female,general,modern
Lotte,van der Woud,Lotte van der Woud,female,general,modern
Rick,Jansen,Rick Jansen,male,general,modern
Noah,van de Poel,Noah van de Poel,male,general,modern
Sem,Bakker,Sem Bakker,male,general,modern
Liam,Visser,Liam Visser,male,general,modern
Ben,de Laan,Ben de Laan,male,general,modern
Nue,Visser,Nue Visser,female,general,modern
Sanne,van de Haven,Sanne van de Haven,female,general,modern
Milan,Jansen,Milan Jansen,male,general,modern
Lara,van der Hout,Lara van der Hout,female,general,modern
Maud,van den Beek,Maud van den Beek,female,general,modern
Piet,Bakker,Piet Bakker,male,general,modern
Mulk,van de Veen,Mulk van de Veen,male,general,modern
Zoë,in de Water,Zoë in de Water,female,general,modern
Bo,de Huis,Bo de Huis,female,general,modern
Laat,van der Hoek,Laat van der Hoek,male,general,modern
Daan,Bakker,Daan Bakker,male,general,modern
Amber,Jansen,Amber Jansen,female,general,modern
Thijs,te Gaard,Thijs te Gaard,male,general,modern
Luna,De vries,Luna De vries,female,general,modern
Margaretha,Visser,Margaretha Visser,female,general,modern
Max,Bakker,Max Bakker,male,general,modern
Bas,de Huis,Bas de Huis,male,general,modern
Geertruida,de Kamp,Geertruida de Kamp,female,general,modern
Stijn,in de Dal,Stijn in de Dal,male,general,modern
Beeje,Brouwer,Beeje Brouwer,female,general,modern
Hendrika,Jansen,Hendrika Jansen,female,general,modern
Emmae,van Huis,Emmae van Huis,female,general,modern
Fleur,Smid,Fleur Smid,female,general,modern
Ger,De vries,Ger De vries,male,general,modern
Rick,Schrijver,Rick Schrijver,male,general,modern
Maud,Scholte,Maud Scholte,female,general,modern
Adriaan,in de Beek,Adriaan in de Beek,male,general,modern
Lars,Visser,Lars Visser,male,general,modern
Adriaan,Bakker,Adriaan Bakker,male,general,modern
Marie,De jong,Marie De jong,female,general,modern
Adriaan,Jager,Adriaan Jager,male,general,modern
Sanne,De jong,Sanne De jong,female,general,modern
Thijs,Brouwer,Thijs Brouwer,male,general,modern
Emma,Kuiper,Emma Kuiper,female,general,modern
Cornelia,van den Steen,Cornelia van den Steen,female,general,modern
Max,Schrijver,Max Schrijver,male,general,modern
Jade,van den Straat,Jade van den Straat,female,general,modern
Daan,de Molen,Daan de Molen,male,general,modern
Bram,van der Water,Bram van der Water,male,general,modern
Sam,te Haven,Sam te Haven,male,general,modern
Emi,Kuiper,Emi Kuiper,female,general,modern
Due,De vries,Due De vries,female,general,modern
Joep,Jansen,Joep Jansen,male,general,modern
Max,De jong,Max De jong,male,general,modern
Kuuje,Hoekman,Kuuje Hoekman,female,general,modern
Anna,De vries,Anna De vries,female,general,modern
Wem,in de Molen,Wem in de Molen,male,general,modern
Gikje,van den Horst,Gikje van den Horst,female,general,modern
Ror,De jong,Ror De jong,male,general,modern
Noah,Bakker,Noah Bakker,male,general,modern
Catharina,van Hof,Catharina van Hof,female,general,modern
Amber,Petsen,Amber Petsen,female,general,modern
Jacobus,op de Bos,Jacobus op de Bos,male,general,modern
Lara,De jong,Lara De jong,female,general,modern
Jade,van der Dijk,Jade van der Dijk,female,general,modern
Geertruida,in de Haven,Geertruida in de Haven,female,general,modern
Johanna,Mulder,Johanna Mulder,female,general,modern
Evike,Visser,Evike Visser,female,general,modern
Bram,Jansen,Bram Jansen,male,general,modern
Isa,de Gaard,Isa de Gaard,female,general,modern
Johannes,Bakker,Johannes Bakker,male,general,modern
Put,ter Hof,Put ter Hof,male,general,modern
Tom,De vries,Tom De vries,male,general,modern
Giea,te Zand,Giea te Zand,female,general,modern
Stijn,Beek,Stijn Beek,male,general,modern
Luna,Bakker,Luna Bakker,female,general,modern
Naakt,de Hoek,Naakt de Hoek,male,general,modern
Jacobus,Visser,Jacobus Visser,male,general,modern
Lu,Visser,Lu Visser,male,general,modern
Daan,van Steen,Daan van Steen,male,general,modern
Stijn,van der Veen,Stijn van der Veen,male,general,modern
Ton,van de Wind,Ton van de Wind,male,general,modern
Sutn,Bakker,Sutn Bakker,male,general,modern
Meeie,Wilsen,Meeie Wilsen,female,general,modern
Willem,te Hoek,Willem te Hoek,male,general,modern
Evi,De vries,Evi De vries,female,general,modern
Lucas,De vries,Lucas De vries,male,general,modern
Lara,Veldman,Lara Veldman,female,general,modern
Evi,Visser,Evi Visser,female,general,modern
Annake,van de Wind,Annake van de Wind,female,general,modern
Maria,op de Horst,Maria op de Horst,female,general,modern
Isa,Visser,Isa Visser,female,general,modern
Mar,van Weg,Mar van Weg,male,general,modern
Ger,van der Bosch,Ger van der Bosch,male,general,modern
Isa,van den Water,Isa van den Water,female,general,modern
Fleur,Jansen,Fleur Jansen,female,general,modern
Adriaan,ter Horst,Adriaan ter Horst,male,general,modern
Bema,Jansen,Bema Jansen,female,general,modern
Tim,Visser,Tim Visser,male,general,modern
Gerrit,Timmerman,Gerrit Timmerman,male,general,modern
Tim,in de Laan,Tim in de Laan,male,general,modern
Cornelia,De jong,Cornelia De jong,female,general,modern
Joep,De jong,Joep De jong,male,general,modern
Gerrit,de Kamp,Gerrit de Kamp,male,general,modern
Jacobus,Jansen,Jacobus Jansen,male,general,modern
Fleur,van de Meer,Fleur van de Meer,female,general,modern
Hoomie,op de Dijk,Hoomie op de Dijk,female,general,modern
Boomt,Koning,Boomt Koning,male,general,modern
Ger,Klaassen,Ger Klaassen,male,general,modern
Emike,van der Molen,Emike van der Molen,female,general,modern
Taut,De jong,Taut De jong,male,general,modern
Poua,De vries,Poua De vries,female,general,modern
Piet,van de Meer,Piet van de Meer,male,general,modern
Niek,Brouwer,Niek Brouwer,male,general,modern
Fleur,in de Donk,Fleur in de Donk,female,general,modern
Walr,van den Heide,Walr van den Heide,male,general,modern
Mar,De jong,Mar De jong,male,general,modern
Cornelis,Gersen,Cornelis Gersen,male,general,modern
Heent,Mulder,Heent Mulder,male,general,modern
Anna,te Kamp,Anna te Kamp,female,general,modern
Thijs,in de Heide,Thijs in de Heide,male,general,modern
Vaamn,Dekker,Vaamn Dekker,male,general,modern
Hendrik,Bakker,Hendrik Bakker,male,general,modern
Anna,Huis,Anna Huis,female,general,modern
Anna,De jong,Anna De jong,female,general,modern
Cornelis,van Woud,Cornelis van Woud,male,general,modern
Lies,van der Heide,Lies van der Heide,female,general,modern
Cornelis,Visser,Cornelis Visser,male,general,modern
Julia,Bakker,Julia Bakker,female,general,modern
Catharinae,Klaassen,Catharinae Klaassen,female,general,modern
Isa,De vries,Isa De vries,female,general,modern
Julia,in de Woud,Julia in de Woud,female,general,modern
Piet,De vries,Piet De vries,male,general,modern
Niek,Bakker,Niek Bakker,male,general,modern
Pant,van de Huis,Pant van de Huis,male,general,modern
Sanne,op de Akker,Sanne op de Akker,female,general,modern
Marie,Visser,Marie Visser,female,general,modern
Mar,van der Kamp,Mar van der Kamp,male,general,modern
Hendrik,Mulder,Hendrik Mulder,male,general,modern
Gern,te Steen,Gern te Steen,male,general,modern
Waasr,Boer,Waasr Boer,male,general,modern
Pomie,Timmerman,Pomie Timmerman,female,general,modern
Bram,van den Water,Bram van den Water,male,general,modern
Ben,van den Haven,Ben van den Haven,male,general,modern
Hendrika,Visser,Hendrika Visser,female,general,modern
Kaaie,van Bos,Kaaie van Bos,female,general,modern
Ratje,De jong,Ratje De jong,female,general,modern
Cornelia,Visser,Cornelia Visser,female,general,modern
Hendrik,Schipman,Hendrik Schipman,male,general,modern
Jade,Schipman,Jade Schipman,female,general,modern
Johanna,in de Berg,Johanna in de Berg,female,general,modern
Rorn,van der Huis,Rorn van der Huis,male,general,modern
Sem,van de Wind,Sem van de Wind,male,general,modern
Isa,de Heide,Isa de Heide,female,general,modern
Stijn,Bakker,Stijn Bakker,male,general,modern
Taat,in de Kool,Taat in de Kool,male,general,modern
Kuit,Bakker,Kuit Bakker,male,general,modern
Thijs,Bakker,Thijs Bakker,male,general,modern
Sem,Hensen,Sem Hensen,male,general,modern
Fijnk,Smid,Fijnk Smid,male,general,modern
Jacobus,op de Dijk,Jacobus op de Dijk,male,general,modern
Joep,op de Haven,Joep op de Haven,male,general,modern
Milou,van den Gaard,Milou van den Gaard,female,general,modern
Bo,Bakker,Bo Bakker,female,general,modern
Mar,van Kool,Mar van Kool,male,general,modern
Thijs,De vries,Thijs De vries,male,general,modern
Liam,Schilder,Liam Schilder,male,general,modern
Adriaan,de Veen,Adriaan de Veen,male,general,modern
Lars,te Akker,Lars te Akker,male,general,modern
Bar,ter Molen,Bar ter Molen,male,general,modern
Hendrik,De jong,Hendrik De jong,male,general,modern
Willem,Mulder,Willem Mulder,male,general,modern
Cor,Mulder,Cor Mulder,male,general,modern
Bookke,Horst,Bookke Horst,female,general,modern
Lotte,van Zand,Lotte van Zand,female,general,modern
Ben,de Beek,Ben de Beek,male,general,modern
Pin,De jong,Pin De jong,male,general,modern
Geertruida,Petsen,Geertruida Petsen,female,general,modern
Jacobus,Visser,Jacobus Visser,male,general,modern
Gijsa,Mulder,Gijsa Mulder,female,general,modern
Johannes,van Molen,Johannes van Molen,male,general,modern
Luna,ter Water,Luna ter Water,female,general,modern
Sem,Marsen,Sem Marsen,male,general,modern
Johanna,De vries,Johanna De vries,female,general,modern
Lies,De jong,Lies De jong,female,general,modern
Johanna,ter Hoek,Johanna ter Hoek,female,general,modern
Lies,van Hof,Lies van Hof,female,general,modern
Tim,Dekker,Tim Dekker,male,general,modern
Adriaan,van Bosch,Adriaan van Bosch,male,general,modern
Koen,Visser,Koen Visser,male,general,modern
Tom,Bakker,Tom Bakker,male,general,modern
Margaretha,van der Berg,Margaretha van der Berg,female,general,modern
Tim,de Haven,Tim de Haven,male,general,modern
Sem,in de Huis,Sem in de Huis,male,general,modern
Cor,Boer,Cor Boer,male,general,modern
Cornelis,op de Veen,Cornelis op de Veen,male,general,modern
Stijn,in de Dijk,Stijn in de Dijk,male,general,modern
Lue,Bakker,Lue Bakker,female,general,modern
Sanne,Mulder,Sanne Mulder,female,general,modern
Jukr,De jong,Jukr De jong,male,general,modern
Tom,Molen,Tom Molen,male,general,modern
Vie,Waterman,Vie Waterman,male,general,modern
Koen,De jong,Koen De jong,male,general,modern
Eva,Jansen,Eva Jansen,female,general,modern
Feirje,Jansen,Feirje Jansen,female,general,modern
Eva,Hensen,Eva Hensen,female,general,modern
Bok,De jong,Bok De jong,male,general,modern
Nina,Scholte,Nina Scholte,female,general,modern
Mar,Prins,Mar Prins,male,general,modern
Reisa,Scholte,Reisa Scholte,female,general,modern
Bas,Gersen,Bas Gersen,male,general,modern
Lars,Waterman,Lars Waterman,male,general,modern
Noah,ter Kamp,Noah ter Kamp,male,general,modern
Piers,te Kerk,Piers te Kerk,male,general,modern
Ne,Slager,Ne Slager,female,general,modern
Sukr,Poel,Sukr Poel,male,general,modern
Anna,Jansen,Anna Jansen,female,general,modern
Gerrit,Schilder,Gerrit Schilder,male,general,modern
Daan,Donk,Daan Donk,male,general,modern
Tim,Visser,Tim Visser,male,general,modern
Milan,van der Horst,Milan van der Horst,male,general,modern
Eva,de Weg,Eva de Weg,female,general,modern
Stijn,in de Steen,Stijn in de Steen,male,general,modern
Zoë,De jong,Zoë De jong,female,general,modern
Isaje,Visser,Isaje Visser,female,general,modern
Hendrik,Dekker,Hendrik Dekker,male,general,modern
Johannesk,Jansen,Johannesk Jansen,male,general,modern
Catharina,Dekker,Catharina Dekker,female,general,modern
Won,De jong,Won De jong,male,general,modern
Doonke,van Kerk,Doonke van Kerk,female,general,modern
Liam,Bakker,Liam Bakker,male,general,modern
Mar,ter Bosch,Mar ter Bosch,male,general,modern
Zoëe,Visser,Zoëe Visser,female,general,modern
Niek,in de Woud,Niek in de Woud,male,general,modern
Stijn,op de Huis,Stijn op de Huis,male,general,modern
Tom,op de Werf,Tom op de Werf,male,general,modern
Geertruida,Jansen,Geertruida Jansen,female,general,modern
Lies,Visser,Lies Visser,female,general,modern
Marie,De vries,Marie De vries,female,general,modern
Kau,op de Kool,Kau op de Kool,male,general,modern
Hendrika,Water,Hendrika Water,female,general,modern
Rick,te Wind,Rick te Wind,male,general,modern
Jaie,Jansen,Jaie Jansen,female,general,modern
Ton,Gersen,Ton Gersen,male,general,modern
Su,van de Gaard,Su van de Gaard,male,general,modern
Feke,Smid,Feke Smid,female,general,modern
Rick,van de Hof,Rick van de Hof,male,general,modern
Heue,van der Bos,Heue van der Bos,female,general,modern
Piet,Bakker,Piet Bakker,male,general,modern
Piet,De jong,Piet De jong,male,general,modern
Die,in de Bos,Die in de Bos,female,general,modern
Sanne,van der Straat,Sanne van der Straat,female,general,modern
Sem,Bakker,Sem Bakker,male,general,modern
Marie,van Water,Marie van Water,female,general,modern
Julia,De jong,Julia De jong,female,general,modern
Sophie,te Hoek,Sophie te Hoek,female,general,modern
Zoë,De vries,Zoë De vries,female,general,modern
Isa,ter Kerk,Isa ter Kerk,female,general,modern
Margaretha,van de Huis,Margaretha van de Huis,female,general,modern
Johanna,Jansen,Johanna Jansen,female,general,modern
Rick,Slager,Rick Slager,male,general,modern
Jade,in de Heide,Jade in de Heide,female,general,modern
Noa,te Laan,Noa te Laan,female,general,modern
Willem,De vries,Willem De vries,male,general,modern
Paurs,Kuiper,Paurs Kuiper,male,general,modern
Ger,Prins,Ger Prins,male,general,modern
Hendrik,van de Berg,Hendrik van de Berg,male,general,modern
Luna,in de Kamp,Luna in de Kamp,female,general,modern
Melke,op de Zand,Melke op de Zand,female,general,modern
Lars,van Bosch,Lars van Bosch,male,general,modern
Juliake,ter Huis,Juliake ter Huis,female,general,modern
Emi,Jansen,Emi Jansen,female,general,modern
Lies,Schipman,Lies Schipman,female,general,modern
Sem,Scholte,Sem Scholte,male,general,modern
Bont,op de Woud,Bont op de Woud,male,general,modern
Sam,in de Berg,Sam in de Berg,male,general,modern
Anna,de Dijk,Anna de Dijk,female,general,modern
Hendrik,Schilder,Hendrik Schilder,male,general,modern
Milou,De jong,Milou De jong,female,general,modern
Marie,van der Weg,Marie van der Weg,female,general,modern
Timk,Smit,Timk Smit,male,general,modern
Bas,in de Heide,Bas in de Heide,male,general,modern
Henk,van der Hof,Henk van der Hof,male,general,modern
Laatr,van de Dijk,Laatr van de Dijk,male,general,modern
Dins,De jong,Dins De jong,male,general,modern
Amber,Jansen,Amber Jansen,female,general,modern
Ges,Schipman,Ges Schipman,male,general,modern
Limr,Bakker,Limr Bakker,male,general,modern
Timn,Kuiper,Timn Kuiper,male,general,modern
Stijn,Visser,Stijn Visser,male,general,modern
Thijs,Koning,Thijs Koning,male,general,modern
Noa,Slager,Noa Slager,female,general,modern
Sem,De jong,Sem De jong,male,general,modern
Sem,De jong,Sem De jong,male,general,modern
Bram,Koning,Bram Koning,male,general,modern
Koen,Veldman,Koen Veldman,male,general,modern
Thijsr,in de Dal,Thijsr in de Dal,male,general,modern
Keetke,De jong,Keetke De jong,female,general,modern
Rick,Jager,Rick Jager,male,general,modern
Cor,van der Werf,Cor van der Werf,male,general,modern
Isa,Koning,Isa Koning,female,general,modern
Noah,Veldman,Noah Veldman,male,general,modern
Marie,ter Water,Marie ter Water,female,general,modern
Lucas,De jong,Lucas De jong,male,general,modern
Fakke,Bakker,Fakke Bakker,female,general,modern
Sophie,van den Meer,Sophie van den Meer,female,general,modern
Margaretha,de Hof,Margaretha de Hof,female,general,modern
Eva,Bosch,Eva Bosch,female,general,modern
Geertruida,Kuiper,Geertruida Kuiper,female,general,modern
Isa,ter Bosch,Isa ter Bosch,female,general,modern
Hendrik,van den Broek,Hendrik van den Broek,male,general,modern
Liv,van der Horst,Liv van der Horst,female,general,modern
Thijs,Bakker,Thijs Bakker,male,general,modern
Luna,De vries,Luna De vries,female,general,modern
Nina,in de Bos,Nina in de Bos,female,general,modern
Gerrit,van de Veen,Gerrit van de Veen,male,general,modern
Zoëe,Kool,Zoëe Kool,female,general,modern
Jade,Mulder,Jade Mulder,female,general,modern
Eva,van Woud,Eva van Woud,female,general,modern
Klaas,ter Woud,Klaas ter Woud,male,general,modern
Jiek,Visser,Jiek Visser,male,general,modern
Fleur,De jong,Fleur De jong,female,general,modern
Max,te Hoek,Max te Hoek,male,general,modern
Boe,van de Haven,Boe van de Haven,female,general,modern
Wuus,Mulder,Wuus Mulder,male,general,modern
Rick,Mulder,Rick Mulder,male,general,modern
Johannes,van der Dal,Johannes van der Dal,male,general,modern
Klaas,Visser,Klaas Visser,male,general,modern
Catharinaie,Steen,Catharinaie Steen,female,general,modern
Eva,te Kerk,Eva te Kerk,female,general,modern
Geia,op de Kerk,Geia op de Kerk,female,general,modern
Tomk,van Dal,Tomk van Dal,male,general,modern
Kout,Schipman,Kout Schipman,male,general,modern
Sanne,Visser,Sanne Visser,female,general,modern
Lucas,van de Molen,Lucas van de Molen,male,general,modern
Sam,van de Hoek,Sam van de Hoek,male,general,modern
Jie,Prins,Jie Prins,female,general,modern
Maud,Visser,Maud Visser,female,general,modern
Jijrn,De jong,Jijrn De jong,male,general,modern
Jacobus,op de Kamp,Jacobus op de Kamp,male,general,modern
Evi,ter Molen,Evi ter Molen,female,general,modern
Eva,De jong,Eva De jong,female,general,modern
Lotte,de Werf,Lotte de Werf,female,general,modern
Bens,in de Water,Bens in de Water,male,general,modern
Emi,Schrijver,Emi Schrijver,female,general,modern
Lucas,Bakker,Lucas Bakker,male,general,modern
Cor,De vries,Cor De vries,male,general,modern
Gerrit,op de Broek,Gerrit op de Broek,male,general,modern
Ninake,in de Dijk,Ninake in de Dijk,female,general,modern
Jan,ter Molen,Jan ter Molen,male,general,modern
Catharina,Hoek,Catharina Hoek,female,general,modern
Johanna,De vries,Johanna De vries,female,general,modern
Daanr,De vries,Daanr De vries,male,general,modern
Zoë,op de Zand,Zoë op de Zand,female,general,modern
Fleur,te Kerk,Fleur te Kerk,female,general,modern
Maxk,De vries,Maxk De vries,male,general,modern
Meeke,op de Kerk,Meeke op de Kerk,female,general,modern
Bo,Bakker,Bo Bakker,female,general,modern
Geertruida,De jong,Geertruida De jong,female,general,modern
Tam,in de Straat,Tam in de Straat,male,general,modern
Daan,van der Veen,Daan van der Veen,male,general,modern
Noa,ter Hof,Noa ter Hof,female,general,modern
Gomr,Prins,Gomr Prins,male,general,modern
Finn,van den Steen,Finn van den Steen,male,general,modern
Rick,van der Bosch,Rick van der Bosch,male,general,modern
Luna,Veldman,Luna Veldman,female,general,modern
Anna,Visser,Anna Visser,female,general,modern
Nina,in de Horst,Nina in de Horst,female,general,modern
Maud,Bakker,Maud Bakker,female,general,modern
Lotte,Marsen,Lotte Marsen,female,general,modern
Lotte,De vries,Lotte De vries,female,general,modern
Toulie,van Dal,Toulie van Dal,female,general,modern
Fleur,de Heide,Fleur de Heide,female,general,modern
Julia,Bakker,Julia Bakker,female,general,modern
Willem,van Weg,Willem van Weg,male,general,modern
Marie,Bakker,Marie Bakker,female,general,modern
Foke,Zand,Foke Zand,female,general,modern
Ben,Wilsen,Ben Wilsen,male,general,modern
Julia,Klaassen,Julia Klaassen,female,general,modern
Jade,Visser,Jade Visser,female,general,modern
Isa,Mulder,Isa Mulder,female,general,modern
Cornelia,Visser,Cornelia Visser,female,general,modern
Lucas,van den Veen,Lucas van den Veen,male,general,modern
Marie,van de Weg,Marie van de Weg,female,general,modern
Emi,Kuiper,Emi Kuiper,female,general,modern
Vik,op de Bos,Vik op de Bos,male,general,modern
Amber,Visser,Amber Visser,female,general,modern
Jacobus,Hensen,Jacobus Hensen,male,general,modern
Zoë,Timmerman,Zoë Timmerman,female,general,modern
Noa,op de Kerk,Noa op de Kerk,female,general,modern
Zoë,Veldman,Zoë Veldman,female,general,modern
Liesa,Visser,Liesa Visser,female,general,modern
Emma,De jong,Emma De jong,female,general,modern
Margaretha,op de Berg,Margaretha op de Berg,female,general,modern
Sakn,van den Weg,Sakn van den Weg,male,general,modern
Maria,van de Werf,Maria van de Werf,female,general,modern
Koen,Timmerman,Koen Timmerman,male,general,modern
Emma,Visser,Emma Visser,female,general,modern
Finn,van der Kerk,Finn van der Kerk,male,general,modern
Eva,in de Straat,Eva in de Straat,female,general,modern
Johannes,de Zand,Johannes de Zand,male,general,modern
Wen,van der Wind,Wen van der Wind,male,general,modern
Gerrit,Jansen,Gerrit Jansen,male,general,modern
Isa,Scholte,Isa Scholte,female,general,modern
Max,Bakker,Max Bakker,male,general,modern
Maria,van der Water,Maria van der Water,female,general,modern
Jade,van den Gaard,Jade van den Gaard,female,general,modern
Mar,ter Werf,Mar ter Werf,male,general,modern
Willem,van Zand,Willem van Zand,male,general,modern
Leika,Schilder,Leika Schilder,female,general,modern
Luna,Timmerman,Luna Timmerman,female,general,modern
Ben,de Zand,Ben de Zand,male,general,modern
Semn,Steen,Semn Steen,male,general,modern
Max,Visser,Max Visser,male,general,modern
Tom,van den Woud,Tom van den Woud,male,general,modern
Noah,Mulder,Noah Mulder,male,general,modern
Milan,Kerk,Milan Kerk,male,general,modern
Milou,te Gaard,Milou te Gaard,female,general,modern
Niekt,Jansen,Niekt Jansen,male,general,modern
Bin,Jansen,Bin Jansen,male,general,modern
Zoë,van Weg,Zoë van Weg,female,general,modern
Maria,van den Hoek,Maria van den Hoek,female,general,modern
Maria,De jong,Maria De jong,female,general,modern
Munie,De jong,Munie De jong,female,general,modern
Isa,te Straat,Isa te Straat,female,general,modern
Hendrikaje,Straat,Hendrikaje Straat,female,general,modern
Nina,te Veld,Nina te Veld,female,general,modern
Joep,van den Poel,Joep van den Poel,male,general,modern
Cornelis,Jansen,Cornelis Jansen,male,general,modern
Geertruida,Molen,Geertruida Molen,female,general,modern
Niek,in de Wind,Niek in de Wind,male,general,modern
Ben,Brouwer,Ben Brouwer,male,general,modern
Margaretha,Visser,Margaretha Visser,female,general,modern
Sanne,De jong,Sanne De jong,female,general,modern
Johanna,van de Kamp,Johanna van de Kamp,female,general,modern
Ben,van Wind,Ben van Wind,male,general,modern
Klaas,Klaassen,Klaas Klaassen,male,general,modern
Cornelis,Jansen,Cornelis Jansen,male,general,modern
Thijs,De vries,Thijs De vries,male,general,modern
Liam,van der Bos,Liam van der Bos,male,general,modern
Koen,De vries,Koen De vries,male,general,modern
Vo,Slager,Vo Slager,male,general,modern
Marie,Visser,Marie Visser,female,general,modern
Milan,Jager,Milan Jager,male,general,modern
Sam,De vries,Sam De vries,male,general,modern
Boke,op de Haven,Boke op de Haven,female,general,modern
Cornelia,De vries,Cornelia De vries,female,general,modern
Jan,De vries,Jan De vries,male,general,modern
Cornelia,Schilder,Cornelia Schilder,female,general,modern
Emi,Visser,Emi Visser,female,general,modern
Poote,Visser,Poote Visser,female,general,modern
Cor,Bakker,Cor Bakker,male,general,modern
Maud,in de Laan,Maud in de Laan,female,general,modern
Klaas,Bakker,Klaas Bakker,male,general,modern
Lotte,De vries,Lotte De vries,female,general,modern
Liv,Timmerman,Liv Timmerman,female,general,modern
Booe,Bakker,Booe Bakker,female,general,modern
Marie,van den Kerk,Marie van den Kerk,female,general,modern
Tik,van der Laan,Tik van der Laan,male,general,modern
Bas,De vries,Bas De vries,male,general,modern
Hendrik,Bakker,Hendrik Bakker,male,general,modern
Vike,Marsen,Vike Marsen,female,general,modern
Johanna,ter Woud,Johanna ter Woud,female,general,modern
Pir,Bakker,Pir Bakker,male,general,modern
Klaas,Jansen,Klaas Jansen,male,general,modern
Tim,Visser,Tim Visser,male,general,modern
Niek,van der Haven,Niek van der Haven,male,general,modern
Adriaan,in de Veld,Adriaan in de Veld,male,general,modern
Maria,Jansen,Maria Jansen,female,general,modern
Mar,van der Berg,Mar van der Berg,male,general,modern
Lies,Timmerman,Lies Timmerman,female,general,modern
Joue,van Dijk,Joue van Dijk,female,general,modern
Lara,Jansen,Lara Jansen,female,general,modern
Marie,Gersen,Marie Gersen,female,general,modern
Nina,Visser,Nina Visser,female,general,modern
Pitke,te Hoek,Pitke te Hoek,female,general,modern
Lieske,op de Laan,Lieske op de Laan,female,general,modern
Bane,Jansen,Bane Jansen,female,general,modern
Peemje,De vries,Peemje De vries,female,general,modern
Lara,van de Bos,Lara van de Bos,female,general,modern
Lies,in de Hout,Lies in de Hout,female,general,modern
Fleur,in de Broek,Fleur in de Broek,female,general,modern
Dus,De vries,Dus De vries,male,general,modern
Finn,Visser,Finn Visser,male,general,modern
Lit,Bakker,Lit Bakker,male,general,modern
Hendrika,te Huis,Hendrika te Huis,female,general,modern
Ruua,van den Horst,Ruua van den Horst,female,general,modern
Maud,De vries,Maud De vries,female,general,modern
Lara,Bakker,Lara Bakker,female,general,modern
Margaretha,op de Kerk,Margaretha op de Kerk,female,general,modern
Zoë,de Poel,Zoë de Poel,female,general,modern
Milan,Jansen,Milan Jansen,male,general,modern
Cornelis,Timmerman,Cornelis Timmerman,male,general,modern
Lotteie,De jong,Lotteie De jong,female,general,modern
Sokt,van de Dal,Sokt van de Dal,male,general,modern
Hendrik,Jansen,Hendrik Jansen,male,general,modern
Lars,Jansen,Lars Jansen,male,general,modern
Thijs,van Beek,Thijs van Beek,male,general,modern
Sem,van de Weg,Sem van de Weg,male,general,modern
Reuske,de Dijk,Reuske de Dijk,female,general,modern
Koen,Kuiper,Koen Kuiper,male,general,modern
Sam,Bakker,Sam Bakker,male,general,modern
Milou,Jansen,Milou Jansen,female,general,modern
Heme,Visser,Heme Visser,female,general,modern
Margaretha,Bakker,Margaretha Bakker,female,general,modern
Leje,De jong,Leje De jong,female,general,modern
Noaht,op de Meer,Noaht op de Meer,male,general,modern
Vookr,Visser,Vookr Visser,male,general,modern
Lars,van den Zand,Lars van den Zand,male,general,modern
Finn,Bakker,Finn Bakker,male,general,modern
Heera,in de Laan,Heera in de Laan,female,general,modern
Han,in de Laan,Han in de Laan,male,general,modern
Liv,Timmerman,Liv Timmerman,female,general,modern
Jade,op de Laan,Jade op de Laan,female,general,modern
Maria,in de Huis,Maria in de Huis,female,general,modern
Emma,van der Straat,Emma van der Straat,female,general,modern
Daan,Koning,Daan Koning,male,general,modern
Cor,Dekker,Cor Dekker,male,general,modern
Viemke,Hoekman,Viemke Hoekman,female,general,modern
Huuje,Marsen,Huuje Marsen,female,general,modern
Lucas,Jansen,Lucas Jansen,male,general,modern
Piet,Smid,Piet Smid,male,general,modern
Tamje,de Meer,Tamje de Meer,female,general,modern
Laraie,Jansen,Laraie Jansen,female,general,modern
Johanna,van Water,Johanna van Water,female,general,modern
Koen,van den Kamp,Koen van den Kamp,male,general,modern
Mar,Jansen,Mar Jansen,male,general,modern
Bie,van de Molen,Bie van de Molen,female,general,modern
Johanna,te Bos,Johanna te Bos,female,general,modern
Liam,Dekker,Liam Dekker,male,general,modern
Johannes,Huis,Johannes Huis,male,general,modern
Sanne,Wilsen,Sanne Wilsen,female,general,modern
Joep,in de Haven,Joep in de Haven,male,general,modern
Mar,ter Wind,Mar ter Wind,male,general,modern
Isa,Visser,Isa Visser,female,general,modern
Nijs,Brouwer,Nijs Brouwer,male,general,modern
Kake,Visser,Kake Visser,female,general,modern
Niek,te Donk,Niek te Donk,male,general,modern
Isa,Scholte,Isa Scholte,female,general,modern
Sem,Hoekman,Sem Hoekman,male,general,modern
Emi,Smid,Emi Smid,female,general,modern
Evi,in de Huis,Evi in de Huis,female,general,modern
Piet,Veldman,Piet Veldman,male,general,modern
Joep,Bakker,Joep Bakker,male,general,modern
Thijs,te Bos,Thijs te Bos,male,general,modern
Woke,van der Huis,Woke van der Huis,female,general,modern
Zoë,van de Haven,Zoë van de Haven,female,general,modern
Wemk,van der Beek,Wemk van der Beek,male,general,modern
Johannes,Bakker,Johannes Bakker,male,general,modern
Feun,de Broek,Feun de Broek,male,general,modern
Miie,Slager,Miie Slager,female,general,modern
Nina,in de Water,Nina in de Water,female,general,modern
Lars,ter Werf,Lars ter Werf,male,general,modern
Jan,van den Kamp,Jan van den Kamp,male,general,modern
Evi,Jansen,Evi Jansen,female,general,modern
Emi,Smid,Emi Smid,female,general,modern
Cornelisn,Boer,Cornelisn Boer,male,general,modern
Cor,in de Hof,Cor in de Hof,male,general,modern
Cor,van der Laan,Cor van der Laan,male,general,modern
Tim,van Huis,Tim van Huis,male,general,modern
Cornelia,van der Werf,Cornelia van der Werf,female,general,modern
Koen,De jong,Koen De jong,male,general,modern
Husje,De vries,Husje De vries,female,general,modern
Klaas,van de Steen,Klaas van de Steen,male,general,modern
Joep,van de Steen,Joep van de Steen,male,general,modern
Cornelia,Schilder,Cornelia Schilder,female,general,modern
Pier,De jong,Pier De jong,male,general,modern
Ben,Marsen,Ben Marsen,male,general,modern
Lars,Bakker,Lars Bakker,male,general,modern
Suke,De vries,Suke De vries,female,general,modern
Nekke,ter Horst,Nekke ter Horst,female,general,modern
Julia,Prins,Julia Prins,female,general,modern
Ben,Brouwer,Ben Brouwer,male,general,modern
Lia,de Berg,Lia de Berg,female,general,modern
Max,in de Poel,Max in de Poel,male,general,modern
Noa,van de Huis,Noa van de Huis,female,general,modern
Jacobus,te Kamp,Jacobus te Kamp,male,general,modern
Johannesk,Mulder,Johannesk Mulder,male,general,modern
Maria,van der Zand,Maria van der Zand,female,general,modern
Fusje,van der Steen,Fusje van der Steen,female,general,modern
Marie,van Gaard,Marie van Gaard,female,general,modern
Lara,van Akker,Lara van Akker,female,general,modern
Liv,ter Hof,Liv ter Hof,female,general,modern
Margaretha,van Hof,Margaretha van Hof,female,general,modern
Noah,te Laan,Noah te Laan,male,general,modern
Reia,Jansen,Reia Jansen,female,general,modern
Noa,de Molen,Noa de Molen,female,general,modern
Satje,De jong,Satje De jong,female,general,modern
Bas,van der Hout,Bas van der Hout,male,general,modern
Emi,van der Huis,Emi van der Huis,female,general,modern
Willem,van de Gaard,Willem van de Gaard,male,general,modern
Liam,ter Veen,Liam ter Veen,male,general,modern
Daak,van den Kamp,Daak van den Kamp,male,general,modern
Noa,in de Bosch,Noa in de Bosch,female,general,modern
Milan,van den Werf,Milan van den Werf,male,general,modern
Brams,in de Dal,Brams in de Dal,male,general,modern
Niek,ter Haven,Niek ter Haven,male,general,modern
Jade,van de Kool,Jade van de Kool,female,general,modern
Marie,Klaassen,Marie Klaassen,female,general,modern
Amber,Jansen,Amber Jansen,female,general,modern
Joep,van der Meer,Joep van der Meer,male,general,modern
Kuk,Jansen,Kuk Jansen,male,general,modern
Sanne,van der Weg,Sanne van der Weg,female,general,modern
Sam,van der Meer,Sam van der Meer,male,general,modern
Lars,Jansen,Lars Jansen,male,general,modern
Maud,Slager,Maud Slager,female,general,modern
Willem,van Akker,Willem van Akker,male,general,modern
Jade,ter Veld,Jade ter Veld,female,general,modern
Cor,van Bos,Cor van Bos,male,general,modern
Sam,Jansen,Sam Jansen,male,general,modern
Bram,Bakker,Bram Bakker,male,general,modern
Jade,van der Zand,Jade van der Zand,female,general,modern
Ren,De jong,Ren De jong,male,general,modern
Maud,ter Hof,Maud ter Hof,female,general,modern
Daan,op de Berg,Daan op de Berg,male,general,modern
Wuun,Brouwer,Wuun Brouwer,male,general,modern
Amber,ter Steen,Amber ter Steen,female,general,modern
Jade,Schrijver,Jade Schrijver,female,general,modern
Eva,ter Hof,Eva ter Hof,female,general,modern
Evae,Timmerman,Evae Timmerman,female,general,modern
Gerrits,Bakker,Gerrits Bakker,male,general,modern
Margaretha,de Hout,Margaretha de Hout,female,general,modern
Lara,de Dal,Lara de Dal,female,general,modern
Vuuje,De jong,Vuuje De jong,female,general,modern
Maak,van den Kool,Maak van den Kool,male,general,modern
Hendrik,Slager,Hendrik Slager,male,general,modern
Jimie,De vries,Jimie De vries,female,general,modern
Finn,Jansen,Finn Jansen,male,general,modern
Bas,Jager,Bas Jager,male,general,modern
Amber,Visser,Amber Visser,female,general,modern
Amber,op de Kamp,Amber op de Kamp,female,general,modern
Lumr,Hoekman,Lumr Hoekman,male,general,modern
Bo,Veldman,Bo Veldman,female,general,modern
Gerrit,De vries,Gerrit De vries,male,general,modern
Noah,Jansen,Noah Jansen,male,general,modern
Lars,Visser,Lars Visser,male,general,modern
Cornelis,te Broek,Cornelis te Broek,male,general,modern
Vult,van Meer,Vult van Meer,male,general,modern
Sophie,van Hoek,Sophie van Hoek,female,general,modern
Mooje,Jansen,Mooje Jansen,female,general,modern
Piet,De vries,Piet De vries,male,general,modern
Klaas,van de Wind,Klaas van de Wind,male,general,modern
Tom,Visser,Tom Visser,male,general,modern
Hendrika,De jong,Hendrika De jong,female,general,modern
Wuirk,De jong,Wuirk De jong,male,general,modern
Jan,de Dal,Jan de Dal,male,general,modern
Tim,van den Huis,Tim van den Huis,male,general,modern
Cornelia,de Bosch,Cornelia de Bosch,female,general,modern
Max,Visser,Max Visser,male,general,modern
Emi,Smid,Emi Smid,female,general,modern
Rick,De jong,Rick De jong,male,general,modern
Sem,Jansen,Sem Jansen,male,general,modern
Ricks,Wilsen,Ricks Wilsen,male,general,modern
Sanne,Visser,Sanne Visser,female,general,modern
Emi,Bakker,Emi Bakker,female,general,modern
Lotte,De vries,Lotte De vries,female,general,modern
Tom,Bakker,Tom Bakker,male,general,modern
Emma,Jansen,Emma Jansen,female,general,modern
Daan,Bakker,Daan Bakker,male,general,modern
Sem,Visser,Sem Visser,male,general,modern
Rick,De jong,Rick De jong,male,general,modern
Jan,van Werf,Jan van Werf,male,general,modern
Mijl,Visser,Mijl Visser,male,general,modern
Willem,De vries,Willem De vries,male,general,modern
Jade,Bakker,Jade Bakker,female,general,modern
Numr,de Broek,Numr de Broek,male,general,modern
Lucas,Bakker,Lucas Bakker,male,general,modern
Tim,ter Werf,Tim ter Werf,male,general,modern
Milan,van Bos,Milan van Bos,male,general,modern
Noae,van de Heide,Noae van de Heide,female,general,modern
Jade,te Heide,Jade te Heide,female,general,modern
Muin,ter Bos,Muin ter Bos,male,general,modern
Hendrik,op de Straat,Hendrik op de Straat,male,general,modern
Foomke,Mulder,Foomke Mulder,female,general,modern
Lies,de Berg,Lies de Berg,female,general,modern
Sophie,Jansen,Sophie Jansen,female,general,modern
Mar,Jansen,Mar Jansen,male,general,modern
Lotte,Jansen,Lotte Jansen,female,general,modern
Vut,Mulder,Vut Mulder,male,general,modern
Noa,Visser,Noa Visser,female,general,modern
Baame,Smid,Baame Smid,female,general,modern
Hendrika,De vries,Hendrika De vries,female,general,modern
Faukt,de Dal,Faukt de Dal,male,general,modern
Lae,van de Broek,Lae van de Broek,female,general,modern
Tuua,Jansen,Tuua Jansen,female,general,modern
Luna,Bakker,Luna Bakker,female,general,modern
Adriaan,van der Broek,Adriaan van der Broek,male,general,modern
Isa,Bakker,Isa Bakker,female,general,modern
Niek,op de Werf,Niek op de Werf,male,general,modern
Piet,ter Bosch,Piet ter Bosch,male,general,modern
Bram,Jansen,Bram Jansen,male,general,modern
Remke,ter Broek,Remke ter Broek,female,general,modern
Fleur,Water,Fleur Water,female,general,modern
Geertruida,Jansen,Geertruida Jansen,female,general,modern
Willem,Visser,Willem Visser,male,general,modern
Ben,Laan,Ben Laan,male,general,modern
Amber,van den Meer,Amber van den Meer,female,general,modern
Bookie,ter Berg,Bookie ter Berg,female,general,modern
Gonje,Mulder,Gonje Mulder,female,general,modern
Hendrikaje,van der Veen,Hendrikaje van der Veen,female,general,modern
Anna,De vries,Anna De vries,female,general,modern
Los,Smid,Los Smid,male,general,modern
Hendrik,De vries,Hendrik De vries,male,general,modern
Feer,De jong,Feer De jong,male,general,modern
Lucas,Horst,Lucas Horst,male,general,modern
Sam,Visser,Sam Visser,male,general,modern
Liv,te Berg,Liv te Berg,female,general,modern
Sophie,van der Dal,Sophie van der Dal,female,general,modern
Fumke,Jansen,Fumke Jansen,female,general,modern
Henk,van de Kamp,Henk van de Kamp,male,general,modern
Maria,Petsen,Maria Petsen,female,general,modern
Suur,te Poel,Suur te Poel,male,general,modern
Lara,in de Haven,Lara in de Haven,female,general,modern
Henk,Visser,Henk Visser,male,general,modern
Piet,De vries,Piet De vries,male,general,modern
Lars,Timmerman,Lars Timmerman,male,general,modern
Daan,de Straat,Daan de Straat,male,general,modern
Seike,De jong,Seike De jong,female,general,modern
Duuke,Bakker,Duuke Bakker,female,general,modern
Emi,te Hout,Emi te Hout,female,general,modern
Voot,De jong,Voot De jong,male,general,modern
Koen,Smit,Koen Smit,male,general,modern
Margaretha,Visser,Margaretha Visser,female,general,modern
Joepn,Jansen,Joepn Jansen,male,general,modern
Peit,Visser,Peit Visser,male,general,modern
Amber,van Molen,Amber van Molen,female,general,modern
Wunk,Smit,Wunk Smit,male,general,modern
Noa,in de Bos,Noa in de Bos,female,general,modern
Hendrika,ter Haven,Hendrika ter Haven,female,general,modern
Piet,te Hout,Piet te Hout,male,general,modern
Milan,Jansen,Milan Jansen,male,general,modern
Zoë,op de Bos,Zoë op de Bos,female,general,modern
Anna,De vries,Anna De vries,female,general,modern
Maria,te Horst,Maria te Horst,female,general,modern
Vuinr,De jong,Vuinr De jong,male,general,modern
Sophie,op de Meer,Sophie op de Meer,female,general,modern
Larsk,Brouwer,Larsk Brouwer,male,general,modern
Noa,te Zand,Noa te Zand,female,general,modern
Lars,te Kamp,Lars te Kamp,male,general,modern
Liam,Koning,Liam Koning,male,general,modern
Jeeke,De vries,Jeeke De vries,female,general,modern
Gooje,De vries,Gooje De vries,female,general,modern
Puje,Visser,Puje Visser,female,general,modern
Liv,de Straat,Liv de Straat,female,general,modern
Geertruida,de Weg,Geertruida de Weg,female,general,modern
Ben,Dekker,Ben Dekker,male,general,modern
Tilr,De jong,Tilr De jong,male,general,modern
Geertruida,van Straat,Geertruida van Straat,female,general,modern
Sophie,ter Heide,Sophie ter Heide,female,general,modern
Max,Visser,Max Visser,male,general,modern
Evi,in de Hout,Evi in de Hout,female,general,modern
Stijn,De vries,Stijn De vries,male,general,modern
Lotte,van Beek,Lotte van Beek,female,general,modern
Luna,te Donk,Luna te Donk,female,general,modern
Bram,Bakker,Bram Bakker,male,general,modern
Lotteie,van der Zand,Lotteie van der Zand,female,general,modern
Klaas,Hoek,Klaas Hoek,male,general,modern
Jacobus,in de Donk,Jacobus in de Donk,male,general,modern
Lucas,Smit,Lucas Smit,male,general,modern
Tiekie,van den Veen,Tiekie van den Veen,female,general,modern
Amber,Timmerman,Amber Timmerman,female,general,modern
Emma,Bakker,Emma Bakker,female,general,modern
Lucas,van den Woud,Lucas van den Woud,male,general,modern
Heue,van Hoek,Heue van Hoek,female,general,modern
Saals,van Dal,Saals van Dal,male,general,modern
Catharina,van de Bosch,Catharina van de Bosch,female,general,modern
Fok,Mulder,Fok Mulder,male,general,modern
Daukie,Jager,Daukie Jager,female,general,modern
Joep,Bakker,Joep Bakker,male,general,modern
Heels,De vries,Heels De vries,male,general,modern
Liam,De jong,Liam De jong,male,general,modern
Thijs,van den Broek,Thijs van den Broek,male,general,modern
Henk,Jager,Henk Jager,male,general,modern
Isa,Smit,Isa Smit,female,general,modern
Luna,Prins,Luna Prins,female,general,modern
Sophie,op de Poel,Sophie op de Poel,female,general,modern
Mar,Jager,Mar Jager,male,general,modern
Lotte,Jansen,Lotte Jansen,female,general,modern
Gerrit,Brouwer,Gerrit Brouwer,male,general,modern
Marie,Dekker,Marie Dekker,female,general,modern
Johannes,van den Werf,Johannes van den Werf,male,general,modern
Milouje,Schilder,Milouje Schilder,female,general,modern
Sam,De vries,Sam De vries,male,general,modern
Catharina,De jong,Catharina De jong,female,general,modern
Lotte,te Berg,Lotte te Berg,female,general,modern
Ninae,van Woud,Ninae van Woud,female,general,modern
Hendrik,op de Veld,Hendrik op de Veld,male,general,modern
Henk,De jong,Henk De jong,male,general,modern
Isa,van der Berg,Isa van der Berg,female,general,modern
Lies,van de Beek,Lies van de Beek,female,general,modern
Jan,Timmerman,Jan Timmerman,male,general,modern
Adriaan,Donk,Adriaan Donk,male,general,modern
Vuje,in de Bos,Vuje in de Bos,female,general,modern
Cor,Scholte,Cor Scholte,male,general,modern
Willem,van den Laan,Willem van den Laan,male,general,modern
Lars,Steen,Lars Steen,male,general,modern
Johannes,van der Hout,Johannes van der Hout,male,general,modern
Maud,De vries,Maud De vries,female,general,modern
Nina,De vries,Nina De vries,female,general,modern
Liam,Visser,Liam Visser,male,general,modern
Koa,van der Molen,Koa van der Molen,female,general,modern
Catharina,Jansen,Catharina Jansen,female,general,modern
Sanne,van Woud,Sanne van Woud,female,general,modern
Noah,Visser,Noah Visser,male,general,modern
Tasje,Jansen,Tasje Jansen,female,general,modern
Lucas,te Meer,Lucas te Meer,male,general,modern
Vouk,Water,Vouk Water,male,general,modern
Eva,ter Poel,Eva ter Poel,female,general,modern
Tom,Marsen,Tom Marsen,male,general,modern
Monie,Bakker,Monie Bakker,female,general,modern
Mar,de Hof,Mar de Hof,male,general,modern
Emma,De jong,Emma De jong,female,general,modern
Tom,op de Hout,Tom op de Hout,male,general,modern
Emma,De vries,Emma De vries,female,general,modern
Willem,ter Akker,Willem ter Akker,male,general,modern
Ben,Visser,Ben Visser,male,general,modern
Tom,van der Dijk,Tom van der Dijk,male,general,modern
Thijs,Kerk,Thijs Kerk,male,general,modern
Isa,De vries,Isa De vries,female,general,modern
Joep,van der Haven,Joep van der Haven,male,general,modern
Mekke,Visser,Mekke Visser,female,general,modern
Zoë,De jong,Zoë De jong,female,general,modern
Jan,Scholte,Jan Scholte,male,general,modern
Jadea,op de Water,Jadea op de Water,female,general,modern
Sophie,van de Kerk,Sophie van de Kerk,female,general,modern
Sophie,op de Haven,Sophie op de Haven,female,general,modern
Noah,De jong,Noah De jong,male,general,modern
Suue,te Bosch,Suue te Bosch,female,general,modern
Betr,de Huis,Betr de Huis,male,general,modern
Liam,van Molen,Liam van Molen,male,general,modern
Marie,ter Kool,Marie ter Kool,female,general,modern
Ben,De jong,Ben De jong,male,general,modern
Joep,te Veld,Joep te Veld,male,general,modern
Eva,Jager,Eva Jager,female,general,modern
Cornelia,van de Weg,Cornelia van de Weg,female,general,modern
Tim,De vries,Tim De vries,male,general,modern
Lars,ter Poel,Lars ter Poel,male,general,modern
Jade,De vries,Jade De vries,female,general,modern
Max,Mulder,Max Mulder,male,general,modern
Joep,Visser,Joep Visser,male,general,modern
Hana,Jager,Hana Jager,female,general,modern
Rike,Schipman,Rike Schipman,female,general,modern
Adriaan,ter Donk,Adriaan ter Donk,male,general,modern
Maria,op de Straat,Maria op de Straat,female,general,modern
Jan,Veldman,Jan Veldman,male,general,modern
Soor,Visser,Soor Visser,male,general,modern
Rooms,Waterman,Rooms Waterman,male,general,modern
Sem,Mulder,Sem Mulder,male,general,modern
Lies,Straat,Lies Straat,female,general,modern
Tieke,ter Woud,Tieke ter Woud,female,general,modern
Adriaan,Bakker,Adriaan Bakker,male,general,modern
Fuin,Marsen,Fuin Marsen,male,general,modern
Jan,Kuiper,Jan Kuiper,male,general,modern
Finn,Brouwer,Finn Brouwer,male,general,modern
Amber,Schrijver,Amber Schrijver,female,general,modern
Tim,Visser,Tim Visser,male,general,modern
Gerrit,van de Hout,Gerrit van de Hout,male,general,modern
Biena,van de Bos,Biena van de Bos,female,general,modern
Laraje,te Weg,Laraje te Weg,female,general,modern
Nije,te Gaard,Nije te Gaard,female,general,modern
Jan,Visser,Jan Visser,male,general,modern
Liv,Bakker,Liv Bakker,female,general,modern
Willem,Jansen,Willem Jansen,male,general,modern
Emi,Bakker,Emi Bakker,female,general,modern
Mar,de Werf,Mar de Werf,male,general,modern
Jacobus,Petsen,Jacobus Petsen,male,general,modern
Adriaan,De jong,Adriaan De jong,male,general,modern
Johannes,op de Gaard,Johannes op de Gaard,male,general,modern
Mooa,Smit,Mooa Smit,female,general,modern
Suisie,Bakker,Suisie Bakker,female,general,modern
Lars,Hoekman,Lars Hoekman,male,general,modern
Geertruida,De vries,Geertruida De vries,female,general,modern
Liv,van Hoek,Liv van Hoek,female,general,modern
Jauks,van Berg,Jauks van Berg,male,general,modern
Veuke,Visser,Veuke Visser,female,general,modern
Kuusr,Bakker,Kuusr Bakker,male,general,modern
Sophie,van de Veen,Sophie van de Veen,female,general,modern
Klaas,Bakker,Klaas Bakker,male,general,modern
Nina,De jong,Nina De jong,female,general,modern
Noah,De vries,Noah De vries,male,general,modern
Piet,Smid,Piet Smid,male,general,modern
Daan,in de Gaard,Daan in de Gaard,male,general,modern
Noa,Weg,Noa Weg,female,general,modern
Johannes,De jong,Johannes De jong,male,general,modern
Amber,van Wind,Amber van Wind,female,general,modern
Emmaie,van de Weg,Emmaie van de Weg,female,general,modern
Hendrik,Bakker,Hendrik Bakker,male,general,modern
Ket,de Straat,Ket de Straat,male,general,modern
Klaas,van den Kool,Klaas van den Kool,male,general,modern
Lotte,Visser,Lotte Visser,female,general,modern
Baule,van der Woud,Baule van der Woud,female,general,modern
Noa,van den Steen,Noa van den Steen,female,general,modern
Fleur,Schilder,Fleur Schilder,female,general,modern
Evi,van der Berg,Evi van der Berg,female,general,modern
Johannes,Bakker,Johannes Bakker,male,general,modern
Julia,van de Kamp,Julia van de Kamp,female,general,modern
Evi,Bakker,Evi Bakker,female,general,modern
Joep,in de Kool,Joep in de Kool,male,general,modern
Koen,van de Gaard,Koen van de Gaard,male,general,modern
Lamie,van Huis,Lamie van Huis,female,general,modern
Gautn,Visser,Gautn Visser,male,general,modern
Bo,de Broek,Bo de Broek,female,general,modern
Me,Mulder,Me Mulder,male,general,modern
Anna,Scholte,Anna Scholte,female,general,modern
Lara,Gersen,Lara Gersen,female,general,modern
Gerrit,Bakker,Gerrit Bakker,male,general,modern
Evi,Visser,Evi Visser,female,general,modern
Leumr,Prins,Leumr Prins,male,general,modern
Max,Slager,Max Slager,male,general,modern
Hendriks,de Weg,Hendriks de Weg,male,general,modern
Willem,Smid,Willem Smid,male,general,modern
Isa,Jansen,Isa Jansen,female,general,modern
Adriaan,Bakker,Adriaan Bakker,male,general,modern
Amber,van Dal,Amber van Dal,female,general,modern
Adriaan,van den Gaard,Adriaan van den Gaard,male,general,modern
Adriaan,Bakker,Adriaan Bakker,male,general,modern
Bram,van der Poel,Bram van der Poel,male,general,modern
Isa,Visser,Isa Visser,female,general,modern
Lars,Jansen,Lars Jansen,male,general,modern
Noah,De jong,Noah De jong,male,general,modern
Lara,de Kamp,Lara de Kamp,female,general,modern
Eva,Jager,Eva Jager,female,general,modern
Wooje,Straat,Wooje Straat,female,general,modern
Fleur,op de Hout,Fleur op de Hout,female,general,modern
Piet,Slager,Piet Slager,male,general,modern
Margaretha,ter Bos,Margaretha ter Bos,female,general,modern
Hendrika,De vries,Hendrika De vries,female,general,modern
Klaas,te Water,Klaas te Water,male,general,modern
Liam,De vries,Liam De vries,male,general,modern
Anna,van Donk,Anna van Donk,female,general,modern
Liema,van den Woud,Liema van den Woud,female,general,modern
Willem,Timmerman,Willem Timmerman,male,general,modern
Baat,te Donk,Baat te Donk,male,general,modern
Emi,Veldman,Emi Veldman,female,general,modern
Amber,Bakker,Amber Bakker,female,general,modern
Catharina,De jong,Catharina De jong,female,general,modern
Hendrika,De vries,Hendrika De vries,female,general,modern
Maria,van de Berg,Maria van de Berg,female,general,modern
Liv,op de Molen,Liv op de Molen,female,general,modern
Johanna,van den Hoek,Johanna van den Hoek,female,general,modern
Evije,van der Dijk,Evije van der Dijk,female,general,modern
Sanne,van der Donk,Sanne van der Donk,female,general,modern
Rija,Wilsen,Rija Wilsen,female,general,modern
Lars,van Kamp,Lars van Kamp,male,general,modern
Cornelia,ter Hof,Cornelia ter Hof,female,general,modern
Wuukr,Wilsen,Wuukr Wilsen,male,general,modern
Lies,Waterman,Lies Waterman,female,general,modern
Joe,van de Weg,Joe van de Weg,female,general,modern
Hek,te Akker,Hek te Akker,male,general,modern
Annae,te Kerk,Annae te Kerk,female,general,modern
Sanne,in de Berg,Sanne in de Berg,female,general,modern
Cor,ter Horst,Cor ter Horst,male,general,modern
Jacobus,De vries,Jacobus De vries,male,general,modern
Cornelis,Visser,Cornelis Visser,male,general,modern
Milan,Visser,Milan Visser,male,general,modern
Piet,De jong,Piet De jong,male,general,modern
Mask,van den Broek,Mask van den Broek,male,general,modern
Max,in de Dal,Max in de Dal,male,general,modern
Lele,Bakker,Lele Bakker,female,general,modern
Cornelia,van Haven,Cornelia van Haven,female,general,modern
Nina,Jansen,Nina Jansen,female,general,modern
Joep,ter Straat,Joep ter Straat,male,general,modern
Amber,ter Water,Amber ter Water,female,general,modern
Ger,Wilsen,Ger Wilsen,male,general,modern
Sophie,te Wind,Sophie te Wind,female,general,modern
Cornelia,Schipman,Cornelia Schipman,female,general,modern
Willem,Hensen,Willem Hensen,male,general,modern
Marie,op de Molen,Marie op de Molen,female,general,modern
Johanna,Water,Johanna Water,female,general,modern
Rick,Timmerman,Rick Timmerman,male,general,modern
Zoë,De vries,Zoë De vries,female,general,modern
Rick,in de Dijk,Rick in de Dijk,male,general,modern
Lies,ter Kamp,Lies ter Kamp,female,general,modern
Jank,Kuiper,Jank Kuiper,male,general,modern
Hendrika,Brouwer,Hendrika Brouwer,female,general,modern
Jade,te Heide,Jade te Heide,female,general,modern
Isa,de Dijk,Isa de Dijk,female,general,modern
Liam,te Meer,Liam te Meer,male,general,modern
Stijn,De jong,Stijn De jong,male,general,modern
Folt,van Beek,Folt van Beek,male,general,modern
Lotte,ter Straat,Lotte ter Straat,female,general,modern
Finnr,van der Beek,Finnr van der Beek,male,general,modern
Rooe,van den Huis,Rooe van den Huis,female,general,modern
Ris,Visser,Ris Visser,male,general,modern
Lies,Scholte,Lies Scholte,female,general,modern
Cor,Visser,Cor Visser,male,general,modern
