First Name,Last Name,Full Name,Gender
Tom,te Bosch,Tom te Bosch,male
Stijn,van de Dijk,Stijn van de Dijk,male
Poomn,Petsen,Poomn Petsen,male
Luna,Schilder,Luna Schilder,female
Eva,Veldman,Eva Veldman,female
Roosa,Hoekman,Roosa Hoekman,female
Nak,te Hof,Nak te Hof,male
Julia,Schilder,Julia Schilder,female
Wijnke,Scholte,Wijnke Scholte,female
Lule,Smid,Lule Smid,female
Isa,te Heide,Isa te Heide,female
Lisa,Koning,Lisa Koning,female
Piet,Weaver,Piet Weaver,male
Piet,de Haven,Piet de Haven,male
Tess,van de Haven,Tess van de Haven,female
An,de Poel,An de Poel,female
Jesse,Bakker,Jesse Bakker,male
Amber,Scholte,Amber Scholte,female
Zoë,Boer,Zoë Boer,female
Tim,de Hof,Tim de Hof,male
Lara,Straat,Lara Straat,female
Finn,van der Kool,Finn van der Kool,male
Waa,Schrijver,Waa Schrijver,female
Sarah,te Meer,Sarah te Meer,female
Touma,ter Weg,Touma ter Weg,female
Joep,van der Veld,Joep van der Veld,male
Koske,van Molen,Koske van Molen,female
Ler,Schrijver,Ler Schrijver,male
Noah,Scholte,Noah Scholte,male
Sara,Scholte,Sara Scholte,female
Lauraie,Poel,Lauraie Poel,female
Wirke,Hout,Wirke Hout,female
Sven,van Steen,Sven van Steen,male
Fleura,van den Kamp,Fleura van den Kamp,female
Taan,ter Beek,Taan ter Beek,male
Bas,van den Dijk,Bas van den Dijk,male
Lunaje,Schrijver,Lunaje Schrijver,female
Kaaie,van den Steen,Kaaie van den Steen,female
Lara,ter Wind,Lara ter Wind,female
Sourn,ter Meer,Sourn ter Meer,male
Isa,de Straat,Isa de Straat,female
Piema,van de Berg,Piema van de Berg,female
Ger,van den Broek,Ger van den Broek,male
Julk,van de Weg,Julk van de Weg,male
Wil,de Haven,Wil de Haven,male
Teln,Schrijver,Teln Schrijver,male
Jikie,Hoekman,Jikie Hoekman,female
Naurk,Bakker,Naurk Bakker,male
Gea,Smid,Gea Smid,female
Jan,Koning,Jan Koning,male
